year,km_driven,present_price,previous_owners,vehicle_name,fuel,seller_type,transmission,selling_price
2014,27000,559000.0,0,ritz,petrol,dealer,manual,335000.0
2013,43000,953999.9999999999,0,sx4,diesel,dealer,manual,475000.0
2017,6900,985000.0,0,ciaz,petrol,dealer,manual,725000.0
2011,5200,415000.00000000006,0,wagon r,petrol,dealer,manual,285000.0
2014,42450,687000.0,0,swift,diesel,dealer,manual,459999.99999999994
2018,2071,983000.0,0,vitara brezza,diesel,dealer,manual,925000.0
2015,18796,811999.9999999999,0,ciaz,petrol,dealer,manual,675000.0
2015,33429,861000.0,0,s cross,diesel,dealer,manual,650000.0
2016,20273,889000.0,0,ciaz,diesel,dealer,manual,875000.0
2015,42367,892000.0,0,ciaz,diesel,dealer,manual,745000.0
2017,2135,360000.0,0,alto 800,petrol,dealer,manual,285000.0
2015,51000,1038000.0000000001,0,ciaz,diesel,dealer,manual,685000.0
2015,15000,994000.0,0,ciaz,petrol,dealer,automatic,750000.0
2015,26000,771000.0,0,ertiga,petrol,dealer,manual,610000.0
2009,77427,721000.0,0,dzire,petrol,dealer,manual,225000.0
2016,43000,1079000.0,0,ertiga,diesel,dealer,manual,775000.0
2015,41678,1079000.0,0,ertiga,diesel,dealer,manual,725000.0
2015,35500,509000.0,0,wagon r,cng,dealer,manual,325000.0
2010,41442,798000.0,0,sx4,petrol,dealer,manual,265000.0
2016,25000,395000.0,0,alto k10,petrol,dealer,manual,285000.0
2017,2400,571000.0,0,ignis,petrol,dealer,manual,490000.00000000006
2011,50000,801000.0,0,sx4,petrol,dealer,automatic,440000.00000000006
2014,45280,346000.0,0,alto k10,petrol,dealer,manual,250000.0
2013,56879,441000.0,0,wagon r,petrol,dealer,manual,290000.0
2011,20000,499000.0,0,swift,petrol,dealer,manual,300000.0
2013,55138,587000.0,0,swift,petrol,dealer,manual,415000.00000000006
2017,16200,649000.0,0,swift,petrol,individual,manual,600000.0
2010,44542,395000.0,0,alto k10,petrol,dealer,manual,195000.0
2015,45000,1038000.0000000001,0,ciaz,diesel,dealer,manual,745000.0
2012,51439,598000.0,0,ritz,diesel,dealer,manual,310000.0
2011,54200,488999.99999999994,0,ritz,petrol,dealer,manual,235000.0
2014,39000,749000.0,0,swift,diesel,dealer,manual,495000.0
2014,45000,994999.9999999999,0,ertiga,diesel,dealer,manual,600000.0
2014,45000,806000.0,0,dzire,diesel,dealer,manual,550000.0
2011,49998,774000.0,0,sx4,cng,dealer,manual,295000.0
2015,48767,720000.0,0,dzire,petrol,dealer,manual,465000.00000000006
2003,127000,227999.99999999997,0,800,petrol,individual,manual,35000.0
2016,10079,376000.0,0,alto k10,petrol,dealer,manual,300000.0
2003,62000,798000.0,0,sx4,petrol,dealer,manual,225000.0
2016,24524,787000.0,0,baleno,petrol,dealer,automatic,585000.0
2014,46706,398000.0,0,alto k10,petrol,dealer,manual,254999.99999999997
2008,58000,715000.0,0,sx4,petrol,dealer,manual,195000.0
2014,45780,806000.0,0,dzire,diesel,dealer,manual,550000.0
2012,50000,269000.0,0,omni,petrol,dealer,manual,125000.0
2014,15000,1204000.0,0,ciaz,petrol,dealer,automatic,750000.0
2013,64532,488999.99999999994,0,ritz,petrol,dealer,manual,265000.0
2006,65000,415000.00000000006,0,wagon r,petrol,dealer,manual,105000.0
2015,25870,771000.0,0,ertiga,petrol,dealer,manual,580000.0
2017,37000,928999.9999999999,0,ciaz,petrol,dealer,automatic,775000.0
2012,104707,3061000.0,0,fortuner,diesel,dealer,automatic,1490000.0
2015,40000,3061000.0,0,fortuner,diesel,dealer,automatic,2300000.0
2017,15000,1977000.0,0,innova,diesel,dealer,automatic,1800000.0
2013,135000,3061000.0,0,fortuner,diesel,individual,automatic,1600000.0
2005,90000,1021000.0000000001,0,innova,petrol,individual,manual,275000.0
2009,70000,1504000.0,0,corolla altis,petrol,dealer,automatic,360000.0
2015,40534,727000.0,0,etios cross,petrol,dealer,manual,450000.0
2010,50000,1854000.0,0,corolla altis,petrol,dealer,manual,475000.0
2014,39485,680000.0,1,etios g,petrol,dealer,manual,409999.99999999994
2014,41000,3596000.0,0,fortuner,diesel,dealer,automatic,1998999.9999999998
2013,40001,1861000.0,0,corolla altis,petrol,dealer,manual,695000.0
2015,40588,770000.0,0,etios cross,petrol,dealer,manual,450000.0
2014,78000,3596000.0,0,fortuner,diesel,dealer,automatic,1875000.0
2015,47000,3596000.0,0,fortuner,diesel,dealer,automatic,2350000.0
2017,6000,3622999.9999999995,0,fortuner,diesel,dealer,automatic,3300000.0
2014,45000,695000.0,0,etios liva,diesel,dealer,manual,475000.0
2017,11000,2315000.0,0,innova,petrol,dealer,automatic,1975000.0
2010,59000,2045000.0,0,fortuner,diesel,dealer,manual,925000.0
2011,88000,1374000.0,0,corolla altis,petrol,dealer,manual,434999.99999999994
2016,12000,2091000.0,0,corolla altis,petrol,dealer,manual,1425000.0
2014,71000,676000.0,0,etios liva,diesel,dealer,manual,395000.0
2011,45000,1248000.0,0,corolla altis,diesel,dealer,manual,450000.0
2013,56001,1861000.0,0,corolla altis,petrol,dealer,manual,745000.0
2011,43000,571000.0,0,etios liva,petrol,dealer,manual,265000.0
2014,83000,893000.0,0,etios cross,diesel,dealer,manual,490000.00000000006
2015,36000,680000.0,0,etios g,petrol,dealer,manual,395000.0
2013,72000,1468000.0,0,corolla altis,petrol,dealer,manual,550000.0
2004,135154,1235000.0,0,corolla,petrol,dealer,automatic,150000.0
2010,80000,2283000.0,0,corolla altis,petrol,dealer,automatic,525000.0
2012,89000,3061000.0,0,fortuner,diesel,dealer,automatic,1450000.0
2016,23000,1489000.0,0,corolla altis,diesel,dealer,manual,1473000.0
2015,40000,785000.0,0,etios gd,diesel,dealer,manual,475000.0
2017,15000,2539000.0,0,innova,diesel,dealer,automatic,2300000.0
2015,38000,1346000.0,0,innova,diesel,dealer,manual,1250000.0
2005,197176,1346000.0,0,innova,diesel,dealer,manual,349000.0
2006,142000,2373000.0,3,camry,petrol,individual,automatic,250000.0
2010,78000,9260000.0,0,land cruiser,diesel,dealer,manual,3500000.0
2012,56000,1374000.0,0,corolla altis,petrol,dealer,manual,590000.0
2013,47000,605000.0,0,etios liva,petrol,dealer,manual,345000.0
2014,40000,676000.0,0,etios g,petrol,dealer,manual,475000.0
2009,62000,1861000.0,0,corolla altis,petrol,dealer,manual,380000.0
2014,58242,1609000.0,0,innova,diesel,dealer,manual,1125000.0
2005,75000,1370000.0,0,innova,petrol,dealer,manual,351000.0
2008,89000,2278000.0,0,corolla altis,petrol,dealer,automatic,400000.0
2012,72000,1861000.0,0,corolla altis,petrol,dealer,manual,585000.0
2016,29000,2539000.0,0,innova,diesel,dealer,automatic,2075000.0
2017,8700,1864000.0,0,corolla altis,petrol,dealer,manual,1700000.0
2013,45000,1861000.0,0,corolla altis,petrol,dealer,manual,705000.0
2010,50024,2045000.0,0,fortuner,diesel,dealer,manual,965000.0
2016,3000,190000.0,0,royal enfield thunder 500,petrol,individual,manual,175000.0
2017,1400,182000.0,0,um renegade mojave,petrol,individual,manual,170000.0
2017,4000,178000.0,0,ktm rc200,petrol,individual,manual,165000.0
2017,1200,160000.0,0,bajaj dominar 400,petrol,individual,manual,145000.0
2017,4100,147000.0,0,royal enfield classic 350,petrol,individual,manual,135000.0
2015,21700,237000.0,0,ktm rc390,petrol,individual,manual,135000.0
2014,16500,345000.0,1,hyosung gt250r,petrol,individual,manual,135000.0
2013,15000,150000.0,0,royal enfield thunder 350,petrol,individual,manual,125000.0
2016,18000,150000.0,0,royal enfield thunder 350,petrol,individual,manual,120000.0
2017,11000,147000.0,0,royal enfield classic 350,petrol,individual,manual,120000.0
2016,6000,178000.0,0,ktm rc200,petrol,individual,manual,120000.0
2016,8700,150000.0,0,royal enfield thunder 350,petrol,individual,manual,114999.99999999999
2014,7000,240000.0,0,ktm 390 duke,petrol,individual,manual,114999.99999999999
2016,35000,140000.0,0,mahindra mojo xt300,petrol,individual,manual,114999.99999999999
2015,17000,147000.0,0,royal enfield classic 350,petrol,individual,manual,114999.99999999999
2015,17500,147000.0,0,royal enfield classic 350,petrol,individual,manual,111000.00000000001
2013,33000,147000.0,0,royal enfield classic 350,petrol,individual,manual,110000.00000000001
2015,14000,190000.0,0,royal enfield thunder 500,petrol,individual,manual,110000.00000000001
2015,26000,147000.0,0,royal enfield classic 350,petrol,individual,manual,110000.00000000001
2013,5400,190000.0,0,royal enfield thunder 500,petrol,individual,manual,105000.0
2016,5700,126000.0,0,bajaj pulsar rs200,petrol,individual,manual,105000.0
2011,6900,150000.0,0,royal enfield thunder 350,petrol,individual,manual,105000.0
2016,6000,117000.0,0,royal enfield bullet 350,petrol,individual,manual,105000.0
2013,46500,147000.0,0,royal enfield classic 350,petrol,individual,manual,100000.0
2012,11500,175000.0,0,royal enfield classic 500,petrol,individual,manual,95000.0
2009,40000,175000.0,0,royal enfield classic 500,petrol,individual,manual,90000.0
2017,1300,95000.0,0,bajaj avenger 220,petrol,individual,manual,90000.0
2016,7000,80000.0,0,bajaj avenger 150,petrol,individual,manual,75000.0
2017,3000,87000.0,0,honda cb hornet 160r,petrol,individual,manual,80000.0
2017,5000,84000.0,0,yamaha fz s v 2.0,petrol,individual,manual,78000.0
2017,11000,87000.0,0,honda cb hornet 160r,petrol,individual,manual,75000.0
2015,18000,82000.0,0,yamaha fz 16,petrol,individual,manual,75000.0
2017,3500,95000.0,0,bajaj avenger 220,petrol,individual,manual,75000.0
2016,500,95000.0,0,bajaj avenger 220,petrol,individual,manual,72000.0
2017,11800,81000.0,0,tvs apache rtr 160,petrol,individual,manual,65000.0
2015,5000,74000.0,0,bajaj pulsar 150,petrol,individual,manual,65000.0
2014,23500,120000.0,0,honda cbr 150,petrol,individual,manual,65000.0
2013,16000,78700.0,0,hero extreme,petrol,individual,manual,65000.0
2016,15000,87000.0,0,honda cb hornet 160r,petrol,individual,manual,60000.0
2015,16600,95000.0,0,bajaj avenger 220 dtsi,petrol,individual,manual,60000.0
2013,32000,120000.0,0,honda cbr 150,petrol,individual,manual,60000.0
2016,20000,80000.0,0,bajaj avenger 150 street,petrol,individual,manual,60000.0
2015,29000,84000.0,0,yamaha fz  v 2.0,petrol,individual,manual,60000.0
2016,25000,84000.0,0,yamaha fz  v 2.0,petrol,individual,manual,60000.0
2014,25000,99000.0,0,bajaj pulsar  ns 200,petrol,individual,manual,60000.0
2012,19000,81000.0,0,tvs apache rtr 160,petrol,individual,manual,60000.0
2014,15000,78700.0,0,hero extreme,petrol,individual,manual,55000.00000000001
2015,58000,84000.0,0,yamaha fz s v 2.0,petrol,individual,manual,55000.00000000001
2010,45000,94000.0,0,bajaj pulsar 220 f,petrol,individual,manual,52000.0
2016,24000,94000.0,0,bajaj pulsar 220 f,petrol,individual,manual,51000.0
2011,6000,82600.0,0,tvs apache rtr 180,petrol,individual,manual,50000.0
2016,31000,55000.00000000001,0,hero passion x pro,petrol,individual,manual,50000.0
2012,13000,99000.0,0,bajaj pulsar ns 200,petrol,individual,manual,50000.0
2013,45000,99000.0,0,bajaj pulsar ns 200,petrol,individual,manual,50000.0
2014,8000,88000.0,0,yamaha fazer,petrol,individual,manual,50000.0
2017,4300,51000.0,0,honda activa 4g,petrol,individual,automatic,48000.0
2017,15000,52000.0,0,tvs sport,petrol,individual,manual,48000.0
2015,23000,84000.0,0,yamaha fz s v 2.0,petrol,individual,manual,48000.0
2017,8600,54000.0,0,honda dream yuga,petrol,individual,manual,48000.0
2017,4000,51000.0,0,honda activa 4g,petrol,individual,automatic,45000.0
2011,24000,95000.0,0,bajaj avenger street 220,petrol,individual,manual,45000.0
2014,23000,82600.0,0,tvs apache rtr 180,petrol,individual,manual,45000.0
2012,14500,99000.0,0,bajaj pulsar ns 200,petrol,individual,manual,45000.0
2010,27000,95000.0,0,bajaj avenger 220 dtsi,petrol,individual,manual,45000.0
2016,14000,54000.0,0,hero splender ismart,petrol,individual,manual,45000.0
2016,500,54000.0,0,activa 3g,petrol,individual,automatic,45000.0
2016,1000,55000.00000000001,0,hero passion pro,petrol,individual,manual,45000.0
2014,42000,81000.0,0,tvs apache rtr 160,petrol,individual,manual,42000.0
2013,12000,73000.0,0,honda cb trigger,petrol,individual,manual,42000.0
2015,14000,54000.0,0,hero splender ismart,petrol,individual,manual,40000.0
2012,5500,83000.0,0,yamaha fz s,petrol,individual,manual,40000.0
2015,6700,55000.00000000001,0,hero passion pro,petrol,individual,manual,40000.0
2014,13700,64000.0,0,bajaj pulsar 135 ls,petrol,individual,manual,40000.0
2017,1300,51000.0,0,activa 4g,petrol,individual,automatic,40000.0
2015,38600,72000.0,0,honda cb unicorn,petrol,individual,manual,38000.0
2011,75000,78700.0,0,hero honda cbz extreme,petrol,individual,manual,38000.0
2011,30000,105000.0,0,honda karizma,petrol,individual,manual,35000.0
2016,24000,56999.99999999999,0,honda activa 125,petrol,individual,automatic,35000.0
2014,19000,52000.0,0,tvs jupyter,petrol,individual,automatic,35000.0
2010,213000,105000.0,0,honda karizma,petrol,individual,manual,31000.0
2012,60000,51000.0,0,hero honda passion pro,petrol,individual,manual,30000.0
2016,50000,48000.0,0,hero splender plus,petrol,individual,manual,30000.0
2013,30000,57999.99999999999,0,honda cb shine,petrol,individual,manual,30000.0
2013,21000,47000.0,0,bajaj discover 100,petrol,individual,manual,27000.0
2008,26000,75000.0,1,bajaj pulsar 150,petrol,individual,manual,25000.0
2008,1900,57999.99999999999,0,suzuki access 125,petrol,individual,automatic,25000.0
2010,22000,52000.0,0,tvs wego,petrol,individual,automatic,25000.0
2013,32000,51000.0,0,honda cb twister,petrol,individual,manual,25000.0
2013,18000,56999.99999999999,0,hero glamour,petrol,individual,manual,25000.0
2005,55000,56999.99999999999,0,hero super splendor,petrol,individual,manual,20000.0
2008,60000,75000.0,0,bajaj pulsar 150,petrol,individual,manual,20000.0
2012,25000,56999.99999999999,1,bajaj discover 125,petrol,individual,manual,20000.0
2007,49000,75000.0,1,hero hunk,petrol,individual,manual,20000.0
2013,24000,65000.0,1,hero  ignitor disc,petrol,individual,manual,20000.0
2008,50000,78700.0,0,hero  cbz xtreme,petrol,individual,manual,20000.0
2015,35000,32000.0,0,bajaj  ct 100,petrol,individual,manual,18000.0
2008,500000,52000.0,0,activa 3g,petrol,individual,automatic,17000.0
2010,33000,51000.0,0,honda cb twister,petrol,individual,manual,16000.0
2011,35000,56999.99999999999,1,bajaj discover 125,petrol,individual,manual,15000.0
2007,53000,57999.99999999999,0,honda cb shine,petrol,individual,manual,12000.0
2006,92233,75000.0,0,bajaj pulsar 150,petrol,individual,manual,10000.0
2010,58000,679000.0,1,i20,diesel,dealer,manual,325000.0
2015,28200,570000.0,0,grand i10,petrol,dealer,manual,440000.00000000006
2011,53460,459999.99999999994,0,i10,petrol,dealer,manual,295000.0
2015,28282,443000.0,0,eon,petrol,dealer,manual,275000.0
2016,3493,570000.0,1,grand i10,petrol,dealer,manual,525000.0
2017,12479,713000.0,0,xcent,petrol,dealer,manual,575000.0
2015,34797,570000.0,0,grand i10,petrol,dealer,automatic,515000.00000000006
2017,3435,810000.0,0,i20,petrol,dealer,manual,790000.0
2015,21125,570000.0,0,grand i10,diesel,dealer,manual,484999.99999999994
2012,35775,459999.99999999994,0,i10,petrol,dealer,manual,310000.0
2015,43535,1479000.0,0,elantra,diesel,dealer,manual,1175000.0
2016,22671,1360000.0,0,creta,petrol,dealer,manual,1125000.0
2011,31604,679000.0,0,i20,petrol,dealer,manual,290000.0
2017,20114,570000.0,0,grand i10,petrol,dealer,manual,525000.0
2012,36100,940000.0,0,verna,petrol,dealer,manual,450000.0
2016,12500,443000.0,0,eon,petrol,dealer,manual,290000.0
2016,15000,443000.0,0,eon,petrol,dealer,manual,315000.0
2014,45078,940000.0,0,verna,petrol,dealer,manual,645000.0
2012,36000,940000.0,0,verna,petrol,dealer,manual,450000.0
2017,38488,443000.0,0,eon,petrol,dealer,manual,350000.0
2013,32000,679000.0,0,i20,petrol,dealer,automatic,450000.0
2014,77632,760000.0,0,i20,diesel,dealer,manual,600000.0
2015,61381,940000.0,0,verna,diesel,dealer,manual,825000.0
2013,36198,940000.0,0,verna,petrol,dealer,automatic,511000.00000000006
2011,22517,459999.99999999994,0,i10,petrol,dealer,manual,270000.0
2015,24678,570000.0,0,grand i10,petrol,dealer,manual,525000.0
2011,57000,443000.0,0,i10,petrol,dealer,manual,254999.99999999997
2012,60000,940000.0,0,verna,diesel,dealer,manual,495000.0
2012,52132,679000.0,0,i20,diesel,dealer,manual,310000.0
2013,45000,940000.0,0,verna,diesel,dealer,manual,615000.0
2017,15001,940000.0,0,verna,petrol,dealer,manual,925000.0
2015,12900,1479000.0,0,elantra,petrol,dealer,automatic,1145000.0
2013,53000,570000.0,0,grand i10,diesel,dealer,manual,390000.0
2015,4492,570000.0,0,grand i10,petrol,dealer,manual,550000.0
2017,15141,940000.0,0,verna,petrol,dealer,manual,910000.0
2016,11849,443000.0,0,eon,petrol,dealer,manual,310000.0
2015,68000,1360000.0,0,creta,diesel,dealer,manual,1125000.0
2013,60241,940000.0,0,verna,petrol,dealer,manual,480000.0
2012,23709,443000.0,0,eon,petrol,dealer,manual,200000.0
2012,32322,940000.0,0,verna,diesel,dealer,manual,535000.0
2015,35866,713000.0,1,xcent,petrol,dealer,manual,475000.0
2014,34000,713000.0,0,xcent,petrol,dealer,manual,440000.00000000006
2016,7000,760000.0,0,i20,petrol,dealer,manual,625000.0
2013,49000,940000.0,0,verna,diesel,dealer,manual,595000.0
2012,71000,940000.0,0,verna,diesel,dealer,manual,520000.0
2012,35000,679000.0,0,i20,petrol,dealer,manual,375000.0
2015,36000,940000.0,0,verna,petrol,dealer,manual,595000.0
2013,30000,459999.99999999994,0,i10,petrol,dealer,manual,400000.0
2016,17000,760000.0,0,i20,petrol,dealer,manual,525000.0
2016,35934,1360000.0,0,creta,diesel,dealer,manual,1290000.0
2013,56701,990000.0,0,city,petrol,dealer,manual,500000.0
2015,31427,682000.0,0,brio,petrol,dealer,automatic,540000.0
2014,48000,990000.0,0,city,diesel,dealer,manual,720000.0
2013,54242,990000.0,0,city,petrol,dealer,manual,525000.0
2012,53675,535000.0,0,brio,petrol,dealer,manual,300000.0
2016,49562,1360000.0,0,city,petrol,dealer,manual,1025000.0
2015,40324,1360000.0,0,city,petrol,dealer,manual,850000.0
2015,25000,1360000.0,0,city,petrol,dealer,manual,840000.0
2014,36054,700000.0,0,amaze,petrol,dealer,manual,390000.0
2016,29223,1360000.0,0,city,petrol,dealer,manual,915000.0
2016,5600,597000.0,0,brio,petrol,dealer,manual,550000.0
2015,40023,580000.0,0,amaze,petrol,dealer,manual,400000.0
2016,16002,770000.0,0,jazz,petrol,dealer,manual,660000.0
2015,40026,700000.0,0,amaze,petrol,dealer,manual,400000.0
2017,21200,869999.9999999999,0,jazz,petrol,dealer,manual,650000.0
2014,35000,700000.0,0,amaze,petrol,dealer,manual,365000.0
2016,19434,940000.0,0,city,diesel,dealer,manual,835000.0
2017,19000,580000.0,0,brio,petrol,dealer,manual,480000.0
2015,18828,1000000.0,0,city,petrol,dealer,manual,670000.0
2011,69341,1000000.0,0,city,petrol,dealer,manual,409999.99999999994
2009,69562,1000000.0,0,city,petrol,dealer,manual,300000.0
2015,27600,1000000.0,0,city,petrol,dealer,manual,750000.0
2010,61203,750000.0,0,jazz,petrol,dealer,manual,225000.0
2014,16500,680000.0,0,brio,petrol,dealer,manual,530000.0
2016,30753,1360000.0,0,city,petrol,dealer,automatic,1090000.0
2015,24800,1360000.0,0,city,petrol,dealer,manual,865000.0
2015,21780,1360000.0,0,city,petrol,dealer,manual,969999.9999999999
2016,4000,840000.0,0,jazz,petrol,dealer,manual,600000.0
2014,40126,1360000.0,0,city,petrol,dealer,manual,625000.0
2015,14465,590000.0,0,brio,petrol,dealer,manual,525000.0
2006,50456,760000.0,0,city,petrol,dealer,manual,210000.0
2014,63000,1400000.0,0,city,diesel,dealer,manual,825000.0
2016,9010,1180000.0,0,city,petrol,dealer,manual,899000.0
2013,9800,590000.0,0,brio,petrol,dealer,manual,350000.0
2016,15059,850000.0,0,jazz,petrol,dealer,automatic,740000.0
2016,28569,790000.0,0,jazz,petrol,dealer,manual,565000.0
2015,44000,750000.0,0,amaze,petrol,dealer,automatic,575000.0
2015,34000,1360000.0,0,city,petrol,dealer,manual,840000.0
2016,10980,1360000.0,0,city,petrol,dealer,manual,1011000.0
2014,19000,640000.0,0,amaze,petrol,dealer,manual,450000.0
2015,31427,610000.0,0,brio,petrol,dealer,manual,540000.0
2016,12000,840000.0,0,jazz,petrol,dealer,manual,640000.0
2010,38000,990000.0,0,city,petrol,dealer,manual,325000.0
2014,33019,680000.0,0,amaze,petrol,dealer,manual,375000.0
2015,60076,1309000.0,0,city,diesel,dealer,manual,855000.0000000001
2016,33988,1160000.0,0,city,diesel,dealer,manual,950000.0
2015,60000,590000.0,0,brio,petrol,dealer,manual,400000.0
2009,87934,1100000.0,0,city,petrol,dealer,manual,335000.0
2017,9000,1250000.0,0,city,diesel,dealer,manual,1150000.0
2016,5464,590000.0,0,brio,petrol,dealer,manual,530000.0
