feature,importance
max_power,0.7061040966527236
year,0.12893636195690983
width,0.038424291771022044
brand,0.026912936159348397
transmission,0.02428183448593024
km_driven,0.022195185503497975
length,0.01176250880678313
drivetrain,0.010387327978782482
engine,0.00847834714194082
height,0.008199263147278518
fuel_tank_capacity,0.005366242633031876
vehicle_name,0.0030778476908866733
fuel,0.0030281141214107362
location,0.0021776076325144577
color,0.00042343953590485056
owner,0.0001445544424457662
seats,9.848451727250178e-05
seller_type,1.5558223161464218e-06
