dataset,model,validation_mae,validation_rmse,validation_r2,test_mae,test_rmse,test_r2,selected,train_rows,validation_rows,test_rows,baseline_test_mae,baseline_test_rmse
v3,Decision Tree,97126.27969726267,218344.5062596801,0.7959121069640118,84453.56019879645,147110.15401088013,0.9161504239114923,False,4160,1379,1387,268209.6755587599,518471.4096614213
v3,Random Forest,81102.74558679023,178332.2013867689,0.8638579627576524,71175.95523231383,126944.47157767776,0.9375628378947132,False,4160,1379,1387,268209.6755587599,518471.4096614213
v3,Gradient Boosting,87206.28181770816,176463.21848100531,0.8666966401423268,82801.08469073259,181661.17840030527,0.8721384911435341,True,4160,1379,1387,268209.6755587599,518471.4096614213
v4,Decision Tree,416269.7319579288,1188421.7376803937,0.7355630350049712,286287.1527980535,555886.2735524705,0.9045007318406854,False,1236,412,411,1083890.5766423359,1953575.5984893742
v4,Random Forest,350519.1925306824,1148193.229166721,0.7531626057507173,250020.0676494332,507452.44359963713,0.9204172688349029,False,1236,412,411,1083890.5766423359,1953575.5984893742
v4,Gradient Boosting,336733.07956427993,956817.0313350973,0.8285889621908124,254967.95795223812,506751.7721697661,0.9206368868509226,True,1236,412,411,1083890.5766423359,1953575.5984893742
basic,Decision Tree,175763.81083620037,381152.3095409539,0.5821618763221421,179655.7650113703,451347.18400542135,0.3372482760214899,False,2138,719,720,277923.8888888889,570397.102262528
basic,Random Forest,156649.04414554816,372852.2655949981,0.6001615787009005,149917.812375066,394761.55099721684,0.49301035993746467,True,2138,719,720,277923.8888888889,570397.102262528
basic,Gradient Boosting,159564.38616547143,408317.208105565,0.5204804503932479,142974.89153329597,356625.33960556815,0.5862349648828207,False,2138,719,720,277923.8888888889,570397.102262528
small,Decision Tree,74895.27777777777,126156.28199226192,0.9306101530735662,79814.44444444445,247275.9769898732,0.7411299885092473,False,179,60,60,264333.3333333333,486920.15088034025
small,Random Forest,76540.9574154241,135477.63921472963,0.9199772618998189,73783.52455908293,252916.6361122097,0.7291850197298395,False,179,60,60,264333.3333333333,486920.15088034025
small,Gradient Boosting,55311.591644973196,90151.25069351679,0.9645658777347236,74723.73164372776,249562.8530592418,0.7363196454455867,True,179,60,60,264333.3333333333,486920.15088034025
